{"epoch":150,"best_loss":0.10351299077272415,"epoch_loss":0.10682233273983002,"epoch_time_loss":0.10682233273983002,"batch_time_loss":0.08595529943704605,"epoch_channel_loss":0,"epoch_time":12.490803480148315,"batch_channel_loss":0,"_runtime":2128,"_step":614,"batch_loss":0.08595529943704605,"best_epoch":149,"learning_rate":0.001,"_wandb":{"runtime":2128},"batch":3745,"_timestamp":1.7552985129240015e+09}