{"learning_rate":0.001,"epoch_time":14.552954912185669,"batch_loss":0.12393321841955185,"batch_channel_loss":0,"epoch":150,"best_epoch":149,"best_loss":0.1416795516014099,"_step":622,"epoch_channel_loss":0,"_runtime":2502,"_timestamp":1.7553039335422795e+09,"batch_time_loss":0.12393321841955185,"epoch_time_loss":0.14588356107473374,"_wandb":{"runtime":2502},"batch":3745,"epoch_loss":0.14588356107473374}