{"epoch_channel_loss":0,"batch_time_loss":0.07412557303905487,"best_epoch":147,"_timestamp":1.7552893119301956e+09,"batch_loss":0.07412557303905487,"learning_rate":0.001,"epoch":150,"best_loss":0.0882202672958374,"epoch_time":47.94790816307068,"epoch_time_loss":0.09210993766784668,"batch":3745,"_runtime":3593,"batch_channel_loss":0,"_step":622,"_wandb":{"runtime":3593},"epoch_loss":0.09210993766784668}