{"batch_time_loss":0.12868745625019073,"batch_channel_loss":0,"epoch_loss":0.14285402864217758,"best_loss":0.13792954593896867,"best_epoch":146,"_runtime":3840,"batch":3745,"epoch_time_loss":0.14285402864217758,"epoch":150,"_timestamp":1.7553077913590505e+09,"epoch_channel_loss":0,"_wandb":{"runtime":3840},"_step":619,"epoch_time":12.97802209854126,"learning_rate":0.001,"batch_loss":0.12868745625019073}