{"learning_rate":0.001,"epoch_time_loss":0.09876138418912887,"_wandb":{"runtime":2218},"batch":3745,"best_epoch":149,"_timestamp":1.75529636731746e+09,"epoch_time":12.80130124092102,"epoch_loss":0.09876138418912887,"batch_loss":0.08060906827449799,"batch_time_loss":0.08060906827449799,"_runtime":2218,"epoch":150,"_step":616,"batch_channel_loss":0,"best_loss":0.09662981003522873,"epoch_channel_loss":0}