{"best_loss":0.14946675151586533,"batch":3745,"epoch_loss":0.15869987457990647,"epoch_channel_loss":0,"_step":616,"epoch_time_loss":0.15869987457990647,"_wandb":{"runtime":2547},"_runtime":2547,"epoch_time":14.148658752441406,"epoch":150,"batch_channel_loss":0,"batch_loss":0.11868270486593246,"learning_rate":0.001,"_timestamp":1.7553103570577855e+09,"batch_time_loss":0.11868270486593246,"best_epoch":144}