{"_wandb":{"runtime":4795},"_timestamp":1.7552941297134469e+09,"epoch_time":16.17446804046631,"batch_loss":0.06885843724012375,"epoch_loss":0.08875801920890808,"epoch_channel_loss":0,"best_loss":0.08422465145587921,"_runtime":4795,"epoch":150,"_step":615,"batch_channel_loss":0,"batch":3745,"learning_rate":0.001,"best_epoch":148,"batch_time_loss":0.06885843724012375,"epoch_time_loss":0.08875801920890808}