{"epoch_loss":0.2745653775334358,"_step":605,"_wandb":{"runtime":4261},"batch_time_loss":0,"best_loss":0.2585597811639309,"_timestamp":1.7553187409686463e+09,"_runtime":4261,"epoch":150,"batch":3745,"epoch_channel_loss":0.2745653775334358,"batch_channel_loss":0.3557788133621216,"epoch_time":69.10974645614624,"batch_loss":0.3557788133621216,"best_epoch":142,"epoch_time_loss":0,"learning_rate":0.001}