{"epoch_loss":0.23174987122416496,"batch_loss":0.1641671061515808,"learning_rate":0.001,"batch":3745,"_timestamp":1.7553144616966763e+09,"batch_time_loss":0,"best_loss":0.1500391334295273,"epoch":150,"_wandb":{"runtime":4086},"_runtime":4086,"epoch_time":30.094102382659912,"epoch_time_loss":0,"batch_channel_loss":0.1641671061515808,"_step":605,"epoch_channel_loss":0.23174987122416496,"best_epoch":127}