{"batch":3745,"_timestamp":1.7553014135674481e+09,"epoch":150,"_step":626,"_runtime":2882,"epoch_time":19.18520998954773,"batch_time_loss":0.14265502989292145,"learning_rate":0.001,"epoch_time_loss":0.18982120156288146,"epoch_channel_loss":0,"batch_channel_loss":0,"best_loss":0.1844701474905014,"_wandb":{"runtime":2882},"epoch_loss":0.18982120156288146,"best_epoch":146,"batch_loss":0.14265502989292145}