{"batch_loss":0.6817774176597595,"batch_time_loss":0.6817774176597595,"batch_channel_loss":0,"_wandb":{"runtime":16},"_runtime":16,"batch":10,"_timestamp":1.7547897250122743e+09,"_step":1}